Timestamp,Department,Which year are you in?,Your current CGPA,"How much do you know about placements in your department? Name some companies that usually come, job roles your seniors have got, anything you know.","Which companies are you aiming for, and what is your dream job?",What type of role are you targeting?,What do you think is a realistic salary you can aim for in your first job?,Where do you get information about jobs and careers?,"When you imagine yourself five years from now in your ideal role, what does that look like?",What is your biggest fear about placements?,"If you do not get placed on campus, what is your backup plan?",What kind of help would give you more confidence going into an actual interview?,Do you think your English communication skills will affect your placement chances?,How will you rate yourself in English?,How confident are you facing a VIDEO interview fully in English?,Which are the languages are you comfortable speaking?,Have you attended any mock or real interviews so far?,"If yes, how many interviews have you attended?",How soon are you aiming to sit for placement interviews?,Do you want to self-assess yourself on where you currently stand with respect to interviews?,When do you want to start preparing for interview training?,"We are planning to pilot intervoo.ai for improving interview-practice & communication skills for IIT BHU students, to improve their placement performance. Would you be interested in participating?",Which is the device will you prefer using for a regular interview preparation as of today?,"Can you share your experience about using any other interview prep app? (Name of the app, what did you like, what other features you would have preferred having, etc.)"
31/03/2026 12:17:58,Other,M.Sc year 1,8.53,No idea but usually allen or fitjee,"Google , microsoft, adobe, amazon , netflix , meta , tcs , infosys, nvidea",Software & IT,▾ 5–10 LPA,"Glassdoor , linkdln , unstop ,indeed etc",I an am either as a technical team head or an CTO,"Not cracking it , interview",I would go for a PhD abroad,"Expecting real questions that interviewers ask , practice much more fluent communication and studying more about the company",No,"Advanced — Fluent in most situations, minor gaps.",Moderately confident,Bengali,Yes,1-3,After 6 months,Yes,After 3 months,Yes — Interested,Both,I have no idea of ahy other interview app
31/03/2026 12:26:40,Other,UG 3,7.94,NA,Finance roles or data analyst,"Finance, Open to anything",Below 5 LPA,LinkedIn peers faculty and other sources,Not sure,Which companies will come?,Try off campus and appear for govt exams,Prior Information about the skills required and mock interviews,No,"Advanced — Fluent in most situations, minor gaps.",Very confident,"Hindi, Bengali",Yes,1-3,3–6 months from now,Yes,Right away,Yes — Interested,Laptop,NA
31/03/2026 12:28:31,Other,UG 3,9.56,I really don't know anything about placements in our department.,A professor,Physics,▾ 5–10 LPA,,A leading researcher of our country.,Lack of confidence in english.,I'll be persuing higher studies.,Moral support.,Not sure yet,Intermediate — I can hold a basic conversation but make mistakes.,Moderately confident,"Odia, Hindi",No,Not Applicable,Not sure yet,Yes,Right away,Yes — Interested,Mobile Phone,Na
31/03/2026 12:16:20,Metallurgical and Materials,UG 3,6.85,"Some core companies include Tata steel , Jindal , Reliance , Skyroot , Vedanta. Some of our seniors also got placed in non core comapnies offering Data analyst , data scientist , software developer job roles.","I am aiming for core comapnies such as Tata steel , Jindal , Reliance , vedanta",Open to anything,▾ 5–10 LPA,"From our institute website , seminars , interaction with alumni","In the mean time of 5 years in my ideal role , I would be able to own a house and car alongside fully supporting my family financially",Being unplaced due to cg criterion,I will write Gate exam and go for higher studies.,One on One mock interview,Yes,Intermediate — I can hold a basic conversation but make mistakes.,Moderately confident,Hindi,Yes,1-3,3–6 months from now,Yes,Right away,Yes — Interested,Laptop,NA
31/03/2026 12:17:31,Metallurgical and Materials,UG Final Year,8.43,"EXL, ZS, any analytics/consulting company/ data science roles/ aiml",Consulting/ Analytics/ ML,"Core Engineering, Consulting, Finance",▾ 10 LPA and above,,Management Consultant,Waiting period stress and overthinking,Masters in Management,Role-based interview preparation,Yes,"Advanced — Fluent in most situations, minor gaps.",Moderately confident,"Hindi, Bengali",Yes,1-3,After 6 months,Yes,After 3 months,Yes — Interested,Laptop,None
31/03/2026 12:23:19,Metallurgical and Materials,M.Tech year 1,7.0,"Applied materials, L&T, and many IT company",IT company,"Core Engineering, Software & IT, Consulting, Finance",▾ 10 LPA and above,CDC,Senior most position in company.,Cgpa mostly,I have off campus placement.,Please provide interview material for specific company as earlier as possible.,Yes,Intermediate — I can hold a basic conversation but make mistakes.,Moderately confident,"Hindi, Bengali",Yes,1-3,3–6 months from now,Yes,Right away,Yes — Interested,Both,NA
31/03/2026 13:01:28,Metallurgical and Materials,UG 2,7.85,Seniors mostly got placed in non core companies like Accenture . Actually I don't know much about it.,"Zomato, Accenture , factset. ML engineer",Software & IT,▾ 10 LPA and above,"Through my friends, seniors and cdc placement brochure.",No idea about it,What if I don't get selected in any companies.,No plan till now,Proper guidance regarding real interviews.,Yes,Intermediate — I can hold a basic conversation but make mistakes.,Moderately confident,Hindi,No,,After 6 months,Yes,Right away,Yes — Interested,Both,Don't know
31/03/2026 22:56:16,Metallurgical and Materials,UG 3,8.2,"Tata Steel, JSL, JSPL, RIL etc Job roles include GET mainly",Opening a design firm of my own.,"Core Engineering, Consulting, Not sure yet",▾ 10 LPA and above,"Seniors, Social Media and Internet",Designing real movie posters,Getting placed in a secluded locality and worse if getting underpaid,"Off campus, or M.Des",A mock interview maybe,No,"Advanced — Fluent in most situations, minor gaps.",Very confident,Hindi,Yes,1-3,3–6 months from now,Yes,After 3 months,Yes — Interested,Both,Not used any app as of now
31/03/2026 12:13:56,Mechanical,UG 2,8.69,"Tatasteel, TVS, jindal steel, BPCL, zomato",My dream job is to become an AI Engineer or SDE and I am aiming for factset and zomato,Software & IT,▾ 10 LPA and above,"Through seniors,linkedin, CDC handles and some internet research","Amazing, thrilling and makes me more enthusiastic to move towards it",I have heard that many companies won't consider non circuital branch students for software roles,Gate in cse department,It would be good if I talk to people those who were in my situation during their placement or intership time,Yes,"Advanced — Fluent in most situations, minor gaps.",Not comfortable yet,"Telugu, Hindi",No,,In less than 3 months,Yes,Not sure yet,Yes — Interested,Laptop,I haven't used anything still now
31/03/2026 12:15:42,Mechanical,UG 3,9.1,"I have idea about several companies like Zomato, BPCL, HPCL, BEL, Maruti Suzuki, ZS Associates etc",I am aiming for Zomato Product Analyst role. And my dream job is to become a CEO one day.,"Core Engineering, Consulting, Finance",▾ 10 LPA and above,"I get info about jobs and careers through linkedin, youtube and other social media platforms.","An ideal role for me is being a CEO. I think it will be like having several meetings daily, taking important decisions for the company. Help company grow. I will try to contribute 100% to the company if i get any opportunity.",Getting a less package and a role which I don't like,I don't have a backup plan now.,Some interviews and guidance by Alumni on how to prepare for placements.,Not sure yet,Intermediate — I can hold a basic conversation but make mistakes.,Moderately confident,Hindi,Yes,1-3,3–6 months from now,Yes,After 3 months,Yes — Interested,Laptop,AceInt AI
31/03/2026 12:16:07,Mechanical,M.Tech year 1,8.68,Infosys,Flipkart,Open to anything,▾ 10 LPA and above,"Many sources like talking with senior, by youtube, by CDC, some other websites",A good human being with some decent amount of money.,"My of my seniors are unplaced now, this give me fear.",No plan B,How to in professional way with good english.,Yes,Intermediate — I can hold a basic conversation but make mistakes.,Moderately confident,Hindi,No,Not Applicable,After 6 months,Yes,Right away,Yes — Interested,Both,Actually I didn't use any interview preparation add till now.
31/03/2026 12:20:45,Mechanical,UG Final Year,6.86,"This time mechanical placement good compare to previous year. BPCL, HPCL, L&T, RIL, BEL",PSU,Core Engineering,▾ 10 LPA and above,"From senior, friends and CDC",Good mechanical engineer,"Pressure from Social Comparison, communication and Fear of Underperforming",I will try off campus after my graduation,Mock interviews and basic of all core subjects hand book,Yes,Intermediate — I can hold a basic conversation but make mistakes.,Moderately confident,"Telugu, Hindi, Banjara",Yes,More than 5,In less than 3 months,Not sure yet,Right away,Yes — Interested,Both,YouTube channel your pedia
31/03/2026 14:58:20,Mechanical,UG 3,8.69,"HPCL, BPCL,TATA,Jindal steel","BPCL, HPCL",Core Engineering,▾ 10 LPA and above,From seniors and friends,Some working professional with decent salary,Talking in Interview or HR round,Masters,Some mock interviews and some core related questions so than I can spontanously answer during interviews,Yes,Intermediate — I can hold a basic conversation but make mistakes.,Moderately confident,"Telugu, Hindi",Yes,1-3,3–6 months from now,Yes,Right away,Yes — Interested,Laptop,not sure
2026-01-04 09:27:28,Mechanical,UG 3,9.22,"Aware of only a few companies, namely caterpillar, zomato, tata steel, applied materials","Caterpillar, applied materials",Core Engineering,▾ 10 LPA and above,Friends,Member of research and development team of a core engineering company,Now clearing the interview,Public services,Real interview and online test references from past,Yes,Intermediate — I can hold a basic conversation but make mistakes.,Moderately confident,Hindi,No,,After 6 months,Yes,Not sure yet,Maybe - Not sure yet,Laptop,No prior experience
31/03/2026 12:11:22,Electronics and Communication,UG 2,8.62,"nVidia, Texas Instruments, Google, etc.","Open Source companies such as Red Hat, Mozilla, etc.","Core Engineering, Software & IT",▾ 10 LPA and above,"Seniors, Peers",A non-repitive job where I work out of passion and not for the need of money,Nothing in particular,Pursure MBA,Knowing that the interviewer values all-round development more than bookish knowledge,Yes,"Advanced — Fluent in most situations, minor gaps.",Very confident,Telugu,No,,3–6 months from now,Not sure yet,After 3 months,No — Not Interested,Laptop,NA
31/03/2026 17:13:40,Electronics and Communication,PhD,8.02,"Some companies like Synopsys, Nvidia, BEL, Applied Materials etc. have come for placements.","I am aiming for companies like Synopsys, Micron, AMD, Cadence and Texas Instruments who work prominently in EDA tools. My dream job is VLSI Design Engineer job",Core Engineering,▾ 10 LPA and above,"Through online platforms like Linkedin, Indeed, Glassdoor, etc.",I imagine myself being in a team of senior VLSI design engineers. It looks like being able to lead a company?organization on the right track of progress.,The biggest fear about placements is that the companies hire a very limited number of students (sometimes even 0) from an organization.,I will try for off-campus job hirings.,More mock interviews would really help me.,Not sure yet,Intermediate — I can hold a basic conversation but make mistakes.,Moderately confident,"Odia, Hindi, English",Yes,1-3,Not sure yet,Not sure yet,Not sure yet,Maybe - Not sure yet,Both,I don't have much idea regarding such apps.
31/03/2026 12:11:46,Electrical,UG 3,7.48,88% last year tredence zs associates,Data scientist and ZS associates,"Software & IT, Consulting",▾ 10 LPA and above,,Good life ahead with superb growth,Nothing,Prepare for jobs outside,Technical questions practice more,No,Native / Near-native — Fully comfortable speaking English.,Very confident,"Telugu, Hindi",No,,3–6 months from now,Yes,After 3 months,Maybe - Not sure yet,Both,I didn't use any app
31/03/2026 12:34:14,Electrical,UG 2,7.186,No,I don't have idea,"Software & IT, Open to anything, Not sure yet",▾ 10 LPA and above,From my siblings,With a 50LPA salary job,My communication skills,I will give gate exam,By not demotivating me,Yes,Intermediate — I can hold a basic conversation but make mistakes.,Moderately confident,"Telugu, Hindi",No,,After 6 months,Yes,After 3 months,Yes — Interested,Both,I haven't used any
31/03/2026 13:02:35,Electrical,UG 2,7.5,"I don't know much. BPCL, Jindal Steel, Tata Steel are some compsnies",BPCL,"Core Engineering, Consulting",▾ 10 LPA and above,"From seniors, relatives, social media","I will be independent, developing my skills and personalitu",Whether I can perform well in interview or not,I will try off campus,"Mock interviews, tests on communication skills etc.",Yes,"Advanced — Fluent in most situations, minor gaps.",Very confident,"Telugu, Hindi",No,Not Applicable,After 6 months,Yes,After 6 months,Yes — Interested,Laptop,Nothing
31/03/2026 19:44:45,Electrical,M.Tech year 1,8.35,"GE,Schinder,Hitachi,L&T,Applied Materials","GE,Schinder.Aim to work in Core Companies",Core Engineering,▾ 10 LPA and above,from my Seniors,Will be in a Good Position,Speaking Confidently,I will prepare for PSU's,Mock Interviews on My Technical Area,Yes,Intermediate — I can hold a basic conversation but make mistakes.,Moderately confident,Telugu,No,Not Applicable,3–6 months from now,Yes,Right away,Yes — Interested,Laptop,No experience
2026-01-04 01:21:56,Electrical,UG 3,7.28,Not bad,Neum,Software & IT,▾ 10 LPA and above,Friends,Sde,Communication,No side thought,"Real mock interview, and feedback, and guidance to improve that",Yes,Beginner — I struggle to speak in English. Basic words only.,Not comfortable yet,Telugu,No,Not Applicable,3–6 months from now,Not sure yet,Right away,Yes — Interested,Both,"Good, it will actually helps if we do practise regularly"
31/03/2026 12:09:36,Computer Science,UG 3,9.64,"Gooogle, Zomato, Amazon, Flipkart, Software engineer, software development engineer, goldman sacchs, media. Net, accenture","Google, amazon, microsoft,",Software & IT,▾ 10 LPA and above,Linkedin,It looks good,I may not get placed,Off campus,Mock interviews,No,"Advanced — Fluent in most situations, minor gaps.",Very confident,"Telugu, Hindi",Yes,3-5,3–6 months from now,Yes,Right away,Yes — Interested,Mobile Phone,Hirevue
31/03/2026 12:10:07,Computer Science,UG 1,9.47,"De Shaw, Microsoft (maybe off campus), Walmart, Accenture, Oracle. SDE","Google, Microsoft any Multi national company in my domain.",Software & IT,▾ 10 LPA and above,Researching on Google.,Currently no idea,Fear to face and interview,Try off campus. If even that's not successful go for MBA,Mock Interviews and correct feedback,Yes,Intermediate — I can hold a basic conversation but make mistakes.,Moderately confident,Telugu,No,Not Applicable,Not sure yet,Yes,After 3 months,Yes — Interested,Both,No idea
31/03/2026 12:11:13,Computer Science,UG 2,8.67,"Google,De shaw,Microsoft. Sde roles","Google,nvidia,de shaw,microsoft. Sde,swe",Software & IT,▾ 10 LPA and above,"CDC ,linkedin",.,Failing to secure a good one,Trying off campus,Mock interviews,Yes,"Advanced — Fluent in most situations, minor gaps.",Moderately confident,"Telugu, Hindi",No,Not Applicable,3–6 months from now,Yes,Not sure yet,Yes — Interested,Laptop,No experience
31/03/2026 12:12:39,Computer Science,UG 2,9.71,Z scaler Zomato Accenture Rippling,"NVIDIA, Google and want to build a startup","Core Engineering, Data scientist",▾ 10 LPA and above,Seniors,Working on a huge project,Interview,Go for higher studies,Communication guidance,Yes,Intermediate — I can hold a basic conversation but make mistakes.,Moderately confident,"Telugu, Hindi",Yes,1-3,After 6 months,No,Right away,Yes — Interested,Laptop,None
31/03/2026 12:49:12,Computer Science,UG 2,9.36,"Google(SDE),DE shaw(SDE),Goldman Sachs(SDE),Rippling(SDE),Microsoft(SDE),Media.net(SDE)","Google,microsoft,DE shaw",Software & IT,▾ 10 LPA and above,From CDC,"""In five years, I see myself as a subject matter expert in SDE or ML roles. My goal is to have mastered the technical side of this role so I can take on more complex, high-impact projects.",Confidence.,May be Mtech or masters.,"More practice on DSA and soft skills like communication,presentation skills.",Yes,Intermediate — I can hold a basic conversation but make mistakes.,Moderately confident,Telugu,No,Not Applicable,After 6 months,Yes,Right away,Yes — Interested,Laptop,NA
31/03/2026 12:51:35,Computer Science,M.Tech year 1,7.59,Flipkart SDE 1,"Amazon,Nvidia","Software & IT, AI",▾ 10 LPA and above,Seniors or friends classmates,"Fully professional ,skilled ,multitasking ,leadership handling capacity,managing big projects",Coding technical,"I didnt thought about it, but i will get help of seniors referrels from linkeIn i try to reach out them","Mock interviews ,what exactly recruiters expect from candidate , and coding level help",Not sure yet,"Advanced — Fluent in most situations, minor gaps.",Moderately confident,"Tamil, Hindi, Maithili",Yes,3-5,3–6 months from now,Yes,Right away,Yes — Interested,Laptop,Not used any kind of app for interview preparation
31/03/2026 13:12:14,Computer Science,UG 2,9.34,"I am in the neuromancers society where seniors actively update us about the job and placements scenarios in the campus so I am updated constantly. The companies that come for our campus(for CS related roles) include Google,Microsoft,Flipkart,Goldman Sachs,De Shaw,Rippling,Accenture,Media.net,Samsung,Nvdia etc..","Google,Deshaw,Microsoft..",Software & IT,▾ 10 LPA and above,I am in the neuromancers society where seniors actively update us about the job and placements scenarios in the campus so I am updated constantly.,Hopefully in one of the FAANG companies as a senior Software Engineer,None really.,Off campus Oppourtunities,Mock interviews and cources related to interview prep ig,No,Native / Near-native — Fully comfortable speaking English.,Very confident,"Telugu, Hindi",Yes,1-3,In less than 3 months,Yes,Right away,Yes — Interested,Laptop,None
31/03/2026 13:46:55,Computer Science,UG 3,8.28,"google, de shaw",google,Software & IT,▾ 10 LPA and above,Mail,-,Low package,off campus,interview practice,Yes,Intermediate — I can hold a basic conversation but make mistakes.,Not comfortable yet,Hindi,No,Not Applicable,In less than 3 months,Yes,Not sure yet,Maybe - Not sure yet,Laptop,-
31/03/2026 13:56:29,Computer Science,M.Tech year 1,8.09,Nvidia,Nvidia,Software & IT,▾ 10 LPA and above,,Enjoying and Learning,Lack of Preparation,We will see,Confidence,Not sure yet,Beginner — I struggle to speak in English. Basic words only.,Not comfortable yet,"Hindi, Gujarati",Yes,1-3,Not sure yet,No,Right away,Yes — Interested,Laptop,N/A
31/03/2026 14:25:18,Computer Science,M.Tech year 1,8.2,"Companies - Accenture, Tiger Analytics, Flipkart, TCS, Infosys. Job Roles - Data Scientist","Microsoft, BNY Mellon",Software & IT,▾ 10 LPA and above,,I have not yet thought about it.,Technical Questions and Coding Rounds,Nothing decided as of yet,Company-wise interview questions,Not sure yet,"Advanced — Fluent in most situations, minor gaps.",Moderately confident,"Hindi, Bengali",Yes,3-5,After 6 months,Yes,After 3 months,Yes — Interested,Laptop,N/A
31/03/2026 15:12:52,Computer Science,UG 3,9.07,"Zomato,visa,media.net,zs,mathworks,amazon,Flipkart","zomato,visa,Flipkart",Software & IT,▾ 10 LPA and above,"linkedin,college,unstop",Ai Engineer,Interview,Mtech or Ms in outside of country,"I need practice sessions of interviews,which makes my fear get off it.",No,Intermediate — I can hold a basic conversation but make mistakes.,Moderately confident,"Telugu, Hindi",No,Not Applicable,In less than 3 months,Yes,Right away,Yes — Interested,Laptop,no
2026-01-04 01:45:59,Computer Science,UG 1,8.63,"Software Developer Roles like ML engineer,DS analyst,etc. Companies like Google,Oracle,Accenture,etc.",Google,Software & IT,▾ 10 LPA and above,"Friends,seniors,relatives",It looks like I am financially independent and with minimal stress living my life,Fumbling the interview of my desired company due to stress,Off campus placement,Mock Interviews,Yes,Intermediate — I can hold a basic conversation but make mistakes.,Not comfortable yet,Hindi,No,Not Applicable,After 6 months,Yes,Right away,Yes — Interested,Both,Not used any of it till now
31/03/2026 12:16:33,Civil,UG 1,8.52,I didnt know much,I am targeting it company,Software & IT,▾ 10 LPA and above,,Lokk like i have safe and good paying job working ina tier 1 city,Not getting placed or less salry,Off campus,PYq and communication skils,Yes,Intermediate — I can hold a basic conversation but make mistakes.,Moderately confident,Hindi,No,,Not sure yet,Yes,Right away,Yes — Interested,Both,I havent used
31/03/2026 12:18:30,Civil,UG 3,,"Reliance (management trainee), zomato ( product analyst) ,zs (data associate) ,tata ,jindal,",Product analyst(Zomato),"Core Engineering, Consulting",▾ 10 LPA and above,,I will look so authentic,Rejection,Govt exams,Guidance for Skills to be prepared exactly for dream role,Yes,Native / Near-native — Fully comfortable speaking English.,Not comfortable yet,"Telugu, Hindi",No,Not Applicable,3–6 months from now,Yes,After 3 months,Yes — Interested,Laptop,U haven't used any till now
31/03/2026 12:19:20,Civil,UG 3,8.15,"L&T,gmdc,BPCL,RIL",Bpcl,Core Engineering,▾ 10 LPA and above,Seniors,Better than current,Getting placements,Higher studies,Practice interviews,Yes,Intermediate — I can hold a basic conversation but make mistakes.,Not comfortable yet,Telugu,No,Not Applicable,3–6 months from now,Yes,After 3 months,Yes — Interested,Laptop,Nothing
31/03/2026 12:19:26,Civil,UG 3,6.95,"L&T,BPCL, JINDAL,GMDC, Godrej",Government sector companies,Core Engineering,▾ 10 LPA and above,From friends and seniors,Better than current,No major companies are coming to our civil roles,Apply for govt exams,Practical experience and interviews,No,Intermediate — I can hold a basic conversation but make mistakes.,Moderately confident,Telugu,No,,3–6 months from now,Yes,After 3 months,Yes — Interested,Laptop,Nothing
31/03/2026 12:19:43,Civil,UG 3,7.0,"Reliance,BPCL,gmdc,l&t",Placement in civil engineering,Core Engineering,▾ 10 LPA and above,Seniors,Better than current situation,Communication skills,Government jobs/ higher studies,Practical interviews,Yes,Intermediate — I can hold a basic conversation but make mistakes.,Moderately confident,Telugu,No,Not Applicable,3–6 months from now,Yes,After 3 months,Yes — Interested,Laptop,Nothing
31/03/2026 12:39:52,Civil,UG 2,8.33,Not much.,Not yet decided on anything concrete.,Core Engineering,▾ 5–10 LPA,"Linkedin, Google, AI",Someone who can handle most situations be it technical or anything else and I get to actually apply what I learnt in college. Also to have great interpersonal skills.,Not having enough qualifications to apply or soft skills to pass the interview,Government exam preparation.,Technical competency and English speaking skills.,Yes,"Advanced — Fluent in most situations, minor gaps.",Moderately confident,Hindi,No,,After 6 months,Yes,Right away,Yes — Interested,Laptop,No experience
31/03/2026 12:42:37,Civil,UG 3,7.4,"ZS,Tigers Analytics, Lenskart,Zomato, Accenture","Zomato,Lenskart,ZS,Tiger Analytics SDE","Software & IT, Consulting",▾ 10 LPA and above,Youtube,SDE 3,CGPA filter,Off campus,"Removal of cgpa filter , it makes skilked people feel unferconfident",No,"Advanced — Fluent in most situations, minor gaps.",Very confident,"Hindi, English",Yes,3-5,In less than 3 months,Yes,Right away,Yes — Interested,Laptop,Some AI based sites
31/03/2026 12:53:20,Civil,UG 2,7.99,"Core placements in department are very less. Jindal, TCS",PSU,Not sure yet,▾ 10 LPA and above,,living a happy life,Wat if good companies don't come?,"MTech, PSU through GATE",Mock interviews,Not sure yet,Intermediate — I can hold a basic conversation but make mistakes.,Moderately confident,"Hindi, Punjabi",No,,After 6 months,Yes,Right away,Yes — Interested,Laptop,I haven't used any interview prep app till now
31/03/2026 15:29:56,Civil,M.Tech year 1,8.53,"AECOM, Atkins, WSP, GMDC,","Environment Consultant, Water & Wastewater water Design role, ESG","Core Engineering, Consulting",▾ 10 LPA and above,"LinkedIn, placement cell, Indeed","CEO - Handle role to integrate innovation of organisation with all the subordinate, maintain exchange of information with all teams, and else which align with organisation goal.",Package what I think,No backup,"Clarity of concepts, positive affirmation & communicate",No,"Advanced — Fluent in most situations, minor gaps.",Moderately confident,Hindi,Yes,1-3,After 6 months,Yes,After 3 months,Yes — Interested,Both,Not go through any.
31/03/2026 18:14:59,Civil,UG 3,6.88,"I don’t have much knowledge about placements in my Civil Engineering department. However, I am more interested in the software side, so I have some idea about that. Companies like Accenture, Zomato, Cognizant, ZS Associates, and TCS usually hire for roles such as software developer, analyst, and associate positions.","Google, Microsoft and Amazon. My dream job is to become a Software Development Engineer (SDE)",Software & IT,▾ 10 LPA and above,I mainly get information about jobs and careers from the CDC placement handbook provided by the Career Development Cell at IIT Bhubaneswar.,"I see myself working as a skilled Software Development Engineer in a strong product-based company, possibly like Google or Microsoft.","My biggest fear about placements is my English communication, as I sometimes feel I may not express my thoughts clearly in interviews. Also, being from a non-core background, I am concerned that there are fewer web or software roles available for non-core students. Additionally, I feel there is a lack of proper mock or demo interviews, which makes it harder to understand the real interview experience and prepare effectively.","If I do not get placed on campus, my backup plan is to continue improving my skills and actively apply for opportunities off campus.","having structured mock interviews and demo interview sessions that simulate real placement scenarios. Getting detailed feedback on my performance—especially on communication, problem-solving approach, and technical answers—would help me understand where I need to improve.",Yes,Intermediate — I can hold a basic conversation but make mistakes.,Moderately confident,Telugu,Yes,1-3,3–6 months from now,Yes,Right away,Yes — Interested,Laptop,"I have used platforms like LeetCode and InterviewBit for interview preparation. What I liked is that they provide a lot of coding questions, structured learning paths, and mock interview simulations which help in improving problem-solving skills and understanding common interview patterns."
2026-01-04 15:24:36,Computer Science,UG 3,8.88,"Zomato,Visa,ZS Associates,Tiger Analytics","Zomato,Visa,ZS Associates",Software & IT,▾ 10 LPA and above,"Through College Placement Cell, LinkedIn",I see myself as a working Software Engineer at a Multi National Firm.,I have to improve in Communication and Some Problem Solving Skills(DSA),My plan is to write GATE exam well and go for an M.Tech or to join any PSU's through GATE,I should improve in Communication and also in solving questions in DSA,Yes,Intermediate — I can hold a basic conversation but make mistakes.,Moderately confident,"Telugu, Hindi",No,,In less than 3 months,Yes,Right away,Yes — Interested,Both,Nil
2026-01-04 17:59:35,Metallurgical and Materials,M.Tech year 1,7.84,"Applied materials, Deneli, SKF india, L&T, Tata steel",Applied materials or SAIL (Dream job is getting a good salary and good working environment),"Core Engineering, Open to anything",▾ 10 LPA and above,"CDC, Indeed, LinkedIn",Working either private sector or public sector,Not getting a good LPA job,Higher studies (PhD),The likeable interview questions according to different comapnies,No,"Advanced — Fluent in most situations, minor gaps.",Moderately confident,"Odia, Hindi, English",Yes,1-3,In less than 3 months,Yes,Right away,Maybe - Not sure yet,Laptop,Haven't really used anything apart from AI tools for interview preparation
2026-01-04 23:11:58,Civil,M.Tech year 1,4.43,"TATA,L&T",Core Companies,"Core Engineering, Consulting",▾ 5–10 LPA,Newspaper,Good reputed post,communication,Unemployed,communication skill development,Yes,Beginner — I struggle to speak in English. Basic words only.,Not comfortable yet,Hindi,Yes,1-3,After 6 months,Yes,After 3 months,Yes — Interested,Both,Not attended
2026-01-04 23:59:20,Mechanical,UG Final Year,8.38,"Applied Materials, Skyroot Aerospace. Only 2 companies come for Core mech placement, its that Bad. Please look into this matter","Automobile(Tesla, JLR, Maruti SUzuki), Aerospace(Boeing, Airbus, ISRO)","Core Engineering, Consulting, Research",▾ 10 LPA and above,Linkedin,"In a good company, well settled with the culture, and aiming higher as always.",There is no company coming for Mech Dual Thermal (only 2 currently),MBA (But its not worth it without work ex),"Bring in more companies. Having Options(Plural) will give me enough confidence to crack any interview. Also a good placement assistance, help with interview techniques the psychology of reading the room, etc",No,"Advanced — Fluent in most situations, minor gaps.",Very confident,"Tamil, Hindi, Malayalam, Marathi, English",No,Not Applicable,In less than 3 months,Yes,Right away,Yes — Interested,Laptop,.
2026-02-04 09:08:49,Mechanical,M.Tech year 1,7.63,Not much,Aira matrix,Software & IT,▾ 10 LPA and above,Colleagues,Good job,Not getting placed and get rejected,Nothing,To get help for the skills required,Not sure yet,Intermediate — I can hold a basic conversation but make mistakes.,Moderately confident,Hindi,No,1-3,3–6 months from now,Not sure yet,Not sure yet,Maybe - Not sure yet,Laptop,None
2026-02-04 19:55:49,Other,UG 1,8.3,I just know there is a placement cell . I don't know any companies.,"Google, Microsoft, Amazon, Physics Wallah, Unacademy, Vedantu etc",Faculty,▾ 10 LPA and above,,A faculty teaching in famous edtech companies,Being Tier 2 College,Preparing for govt exam or trying off campus placement,Preparing mock interviews,Yes,Intermediate — I can hold a basic conversation but make mistakes.,Moderately confident,"Hindi, Bhojpuri",No,Not Applicable,Not sure yet,Yes,Not sure yet,Yes — Interested,Both,No idea
2026-03-04 22:42:38,Mechanical,UG Final Year,7.8,"Tata Steel, takes online assement, GD and PI. Maruti, same process; PSUs, just interviews, ZS Associates, Online assement and personal interviews;Skyroot, Resume selections, interviews; Jindal Steel and RIL, same as Tata Steel",Core engineering,Core Engineering,▾ 5–10 LPA,"Linkedin , Unstop",A good PSU job.,"Resume , cg based selections",Im placed,"Knowing amswers to most asked questions, a deep knowledge in the subject",Yes,"Advanced — Fluent in most situations, minor gaps.",Very confident,Hindi,Yes,1-3,3–6 months from now,Yes,Right away,Yes — Interested,Laptop,Cantilever labs
2026-05-04 12:38:20,Mechanical,UG Final Year,8.71,"BPCL, HPCL, ZOMATO, BEL, MAHINDRA, MSIL, GMDC, THRIVENI EARTHMOVERS",Core companies,Core Engineering,▾ 10 LPA and above,"Linkedin, CDC, Indeed and other platforms",R&D Engineer,Not getting placed,Maters and Off campus opportunities,Mock Interviews,Yes,"Advanced — Fluent in most situations, minor gaps.",Very confident,Hindi,Yes,3-5,In less than 3 months,Yes,Right away,Yes — Interested,Laptop,Coachondemand is a good one
2026-06-04 11:25:06,Electronics and Communication,UG 3,6.91,Just snrs Sent the master sheet and youtube playlist for role I prefer.,"ZS,ICICI","Software & IT, Consulting, Finance",▾ 10 LPA and above,seniors,Nil,Not getting placed,"No backup ,do or die.",Mock interviews and ot. Individual company prep PDFs . bringing more companies to college like any other iit.,Yes,"Advanced — Fluent in most situations, minor gaps.",Moderately confident,"Telugu, Hindi",Yes,1-3,In less than 3 months,Yes,Right away,Yes — Interested,Laptop,Nil
2026-07-04 12:39:40,Civil,UG 3,7.66,"Jindal, Reliance Industries Limited, Larsen and Toubro (L and T) etc",RIL and Jindal,Core Engineering,▾ 10 LPA and above,,Executive Engineer in PSU/State Engineering Department,Interview,Gate Exam,Practice for interview,Yes,Intermediate — I can hold a basic conversation but make mistakes.,Moderately confident,Hindi,No,Not Applicable,3–6 months from now,Yes,Right away,Yes — Interested,Laptop,I haven't used any app related to this.
2026-07-04 12:40:12,Computer Science,UG 3,8.91,"Pretty good.Google,de shaw…","Faang/maang,sde",Software & IT,▾ 10 LPA and above,Internet,Pretty good,If i couldn’t convey my answer properly even though I know the solution,Higher studies,Mock interviews,Yes,Intermediate — I can hold a basic conversation but make mistakes.,Moderately confident,Telugu,Yes,1-3,3–6 months from now,Yes,Right away,Yes — Interested,Laptop,Nothing used till now
2026-07-04 12:40:35,Mechanical,M.Tech year 1,8.25,"Zomato , applied materials, caterpillar , aira matrix",Zomato product analyst,"Software & IT, Consulting",▾ 10 LPA and above,From cdc mail,Satisfying,I go unplaced,Govt job,Some practice before the actual interview,Yes,Intermediate — I can hold a basic conversation but make mistakes.,Not comfortable yet,Hindi,No,,3–6 months from now,Yes,After 3 months,Yes — Interested,Both,No
2026-07-04 12:41:29,Mechanical,UG 2,8.28,"Zs associates,abb ai","Zs associates, zomato, myntra,","Software & IT, Consulting, Finance",▾ 10 LPA and above,Linked in,"Ai ml engineer, product manager","Cgpa cutoff,OA",Off campus,"Mock interview,OA prep,HR round",Yes,"Advanced — Fluent in most situations, minor gaps.",Not comfortable yet,Telugu,No,Not Applicable,After 6 months,Yes,After 3 months,Yes — Interested,Laptop,No experience
2026-07-04 12:42:19,Civil,PhD,8.38,"L&T, consultancy firms",Saint Gobain,"Core Engineering, Research and Develoment",▾ 10 LPA and above,"Whatsapp groups, telegram channels, online","Senior Scientist, Principal Scientitst",Limited to conventional standards,Offcampus interview,one-to-one technical conversation with the employes of the organisation to better understand the work flow and work culture.,Yes,"Advanced — Fluent in most situations, minor gaps.",Very confident,"Odia, Hindi",Yes,More than 5,After 6 months,Yes,After 6 months,Maybe - Not sure yet,Both,Never used.
2026-07-04 12:45:27,Computer Science,UG 2,9.67,"I know a little. Some companies that come are microsoft, google, DE shaw etc","SDE in Google, microsoft",Software & IT,▾ 10 LPA and above,,"I imagine myself working in a big tech companies like google, microsoft etc earning a good salary and playing a crucial role the the projects of the company",Building resume is difficult for me. I am afraid that I will not be able to make a good resume,I don't have any backup plan as of now,How to make good resume and what all projects should I make,Not sure yet,Intermediate — I can hold a basic conversation but make mistakes.,Moderately confident,Hindi,No,Not Applicable,3–6 months from now,Yes,Right away,Yes — Interested,Both,No
2026-07-04 12:45:28,Other,M.Sc year 2,8.4,"Akash,shri chaitanya,nano","Placement in jee ,neet oriented entrance coaching center,some good lab jobs",Open to anything,▾ 5–10 LPA,"Through social media,linkedln",Extra ordinary,Not getting placed,I will find some other good jobs,Experience,Not sure yet,Intermediate — I can hold a basic conversation but make mistakes.,Moderately confident,"Hindi, Malayalam",Yes,1-3,In less than 3 months,Yes,Right away,Yes — Interested,Both,Not used
2026-07-04 12:46:00,Mechanical,M.Tech year 1,7.67,"L&T, Caterpillar, Infosys",Caterpillar,Core Engineering,▾ 10 LPA and above,From senior,R&D head,Interview,Off campus,Mainly communication,Yes,Intermediate — I can hold a basic conversation but make mistakes.,Moderately confident,Hindi,No,,3–6 months from now,Yes,Right away,Yes — Interested,Mobile Phone,No
2026-07-04 12:47:38,Other,M.Sc year 1,8.52,"VEDANTA, GMDC, OIL, ONGC. Job roles seniors have got:Geologist","VEDANTA, OIL, ONGC",GEOLOGIST,▾ 10 LPA and above,Linkdn,Geologist,"What if I don't get selected, if I can't explain what I think in words",PhD,Fluency in english.,Yes,Intermediate — I can hold a basic conversation but make mistakes.,Moderately confident,"Hindi, Assamese",No,Not Applicable,Not sure yet,Yes,Right away,Yes — Interested,Both,I haven't use any
2026-07-04 12:48:55,Computer Science,UG 3,7.12,"Zomato, JP Morgan, Tech Mahindra, Infosys, microsoft (2 years ago ) Role:- SDE",Any good company,"Core Engineering, Software & IT, Open to anything",▾ 10 LPA and above,"LinkedIn, Naukri app",-,What if I'll not get any company,Nothing,Self- confidence is enough,Yes,Intermediate — I can hold a basic conversation but make mistakes.,Moderately confident,"Telugu, Hindi, Marathi",Yes,1-3,3–6 months from now,Not sure yet,Right away,Maybe - Not sure yet,Both,-
2026-07-04 12:49:42,Mechanical,UG 2,8.89,Dont know anything,"Applied Materials, Google, Microsoft, Meta, Zomato, Amazon, saint gobain, caterpillar, PSUs","Core Engineering, Software & IT, Open to anything, Not sure yet",▾ 10 LPA and above,Friends and seniors.,Can't say I like core mechanical subjects but then I also want a very high paying job which is more towards tech side. I am very confused I need a career counseling I don't know much.,That I won't be placed in a good company,There is no backup plan for now but if I really need to do it then I'll apply off-campus. Just like I said I don't know where my intrest lies yet. But if I love core I'll do mtech if not then I don't know.,Giving mock interviews with real good questions that they might actually ask.,Yes,Intermediate — I can hold a basic conversation but make mistakes.,Not comfortable yet,"Hindi, Marathi",No,Not Applicable,After 6 months,Yes,After 3 months,Yes — Interested,Both,I have not used it yet.
2026-07-04 12:53:34,Mechanical,UG Final Year,8.53,"Catterpiller,Applied Materials,ZS,EXL,Zomato","Core Mechanical Engineer and Data Analyst, Finance","Core Engineering, Consulting, Finance",▾ 10 LPA and above,Placement Cell of Our Institute,"A Leader (Managing a company,or Institutes)",Company don't open for dual degree despite having good results and skills in students.,I Will prepare for Government jobs,Practice earlier.,Yes,"Advanced — Fluent in most situations, minor gaps.",Very confident,"Hindi, Bengali",Yes,1-3,3–6 months from now,Yes,After 3 months,Yes — Interested,Both,N/A
2026-07-04 12:53:55,Computer Science,UG 3,8.7,"Google, Zomato, Hsbc, DeShaw, Accenture Japan. SWE role, Business analyst",FAANG typaa companies and SWE/ SWD,Open to anything,▾ 10 LPA and above,,"Happiness,Enjament",Fumbling in the interview,Try off campus internships and get a job from there on,Analysis of the company and the type of questions they usually ask,Not sure yet,Intermediate — I can hold a basic conversation but make mistakes.,Moderately confident,"Telugu, Hindi",Yes,1-3,In less than 3 months,Yes,Right away,Yes — Interested,Both,None
2026-07-04 12:54:24,Computer Science,PhD,7.6,"Google(For SWE role), Oracle, Flipkart(For SDE and Data Scientist role), Zomato, etc","Companies which offers research based roles. My dream company is Google, IBM, Amazon, Meta, Nvidia, Qualcomm etc","Software & IT, AI/ML Researcher",▾ 10 LPA and above,IIT Bhubaneswar,"I imagine myself as a senior AI/ML researcher at top MNCs like Google, IBM, Amazon, Meta, Nvidia, Qualcomm etc",Being unplaced or getting a very bad job role with CTC less than 10 LPA,I will go for off campus placements,Mock interviews and Coding contests,Not sure yet,"Advanced — Fluent in most situations, minor gaps.",Very confident,Hindi,Yes,1-3,After 6 months,Yes,After 3 months,Maybe - Not sure yet,Laptop,I dont remember
2026-07-04 12:56:16,Computer Science,M.Tech year 1,7.95,"Phillips, Flipkart, Samsung,Tiger analytics,Stripe","Samsung, Flipkart",Software & IT,▾ 10 LPA and above,,A senior software engineer at top MNc,Luck,Govt job,Already given an mock interview know the questions they can ask,Yes,Intermediate — I can hold a basic conversation but make mistakes.,Moderately confident,Hindi,Yes,1-3,3–6 months from now,Yes,Right away,Yes — Interested,Both,Zoom
2026-07-04 13:00:01,Electrical,UG 3,8.94,"Google, Microsoft,BPCL",Some core central government job,Core Engineering,▾ 10 LPA and above,News paper and other online portals,Some 9-5 job with comfortable pay and also has applications of what I have studied so far.,Probably the interview,I actually am looking for placement off campus,Probably considerable no.of mock interviews before the actual one,No,"Advanced — Fluent in most situations, minor gaps.",Very confident,"Telugu, Hindi",No,Not Applicable,After 6 months,Yes,After 6 months,Yes — Interested,Laptop,-
2026-07-04 13:02:34,Electrical,UG 2,7.4,"not much. BEL, C-DOT, and HPCL .","electrical core PSU companies, like BEL, EIL, BPCL, HPCL, Oil India, and C-DOT.",Core Engineering,Below 5 LPA,,don't know,i know that due to my cgpa I'm not getting anything and my core knowledge is also bare ðŸ˜” but somehow I have to try something as I'm not interested in non-core but this electrical branch is also draining my curiosity and confidence. I need some guidance as well as help yaar.,"same, trying to rank in ese or gate and then apply to job or mtech.",Any seniors currently in 4th year or outside the campus can help us or atleast tell us that what should we have to do ? any guidance atleast. or like fa -system if prof. can guard us or advice us,Yes,Intermediate — I can hold a basic conversation but make mistakes.,Moderately confident,"Odia, Hindi",No,,After 6 months,Yes,Right away,Yes — Interested,Laptop,"we don't have any knowledge that any kind of this apps exist. still I would like to name some apps like- pw, unacademy etc. , where if you want then you can refer any particular sir for yours respective subject or topic and then you can take classes from that only to that respective subject. similarly, you can add like this feature like if you can pay more any bhaiya/didi/ prof./gurdian can teach you more deeply about the interview and can go more deepen into the topics just because you know you need it and it will be 100% profitable to you."
2026-07-04 13:04:13,Electrical,UG 3,7.38,Google Nvidia microsoft ZS ICICI ...,Data science associate at ZS,Software & IT,▾ 10 LPA and above,Linkedin,Advanced data science assosicate at ZS,Fear of not being good enough for the role.,I will prepare for GATE.,Giving more mock interviews and practising more online assessments.,Yes,Intermediate — I can hold a basic conversation but make mistakes.,Moderately confident,Telugu,No,Not Applicable,3–6 months from now,Yes,Right away,Yes — Interested,Both,I didn't use any yet.
2026-07-04 13:23:17,Mechanical,M.Tech year 1,7.3,"Tata Steel, Caterpillar, Infosys, Mahindra , L&T, Maruti, etc",Tata Steel,"Core Engineering, System Designing",▾ 10 LPA and above,Job platform like LinkedIn and Unstop,"I’d be working with advanced tools like CAD/CAE software for improving product efficiency and reliability, I also see myself leading projects.",Communication Skills,Nothing,Communication Skills and Interview questions related to Design Domain.,Yes,Intermediate — I can hold a basic conversation but make mistakes.,Not comfortable yet,Hindi,Yes,1-3,3–6 months from now,Yes,Right away,Yes — Interested,Both,No
2026-07-04 13:30:59,Electronics and Communication,M.Tech year 2,7.98,"Nvidia, ARM, Qualcomm, Braodcomm, Mediatek, CDAC, CDOT","Nvidia, ISRO, Intel",Core Engineering,▾ 10 LPA and above,,As an FPGA Engineer,Not getting enough opportunities and exposure to learning,Offcampus placement,Mock Interview,No,"Advanced — Fluent in most situations, minor gaps.",Very confident,"Hindi, Bengali",Yes,1-3,In less than 3 months,Yes,Right away,Yes — Interested,Laptop,NA
2026-07-04 13:32:47,Mechanical,UG 2,8.23,"BPCL , hpcl , maruti suzuki, zomato for management trainee, get, iot","Zomato, iot , mechanical",Core Engineering,▾ 10 LPA and above,"Seniors, batchmates from CDC, linkedin",My interest lies in CFD and modelling so in that field,Unreasonable package and employment bond,Off campus or ppo through my current internship,Realistic interview with proper feedback,No,"Advanced — Fluent in most situations, minor gaps.",Very confident,"Hindi, Marathi",Yes,More than 5,3–6 months from now,Yes,Right away,Yes — Interested,Both,"There was ai interviewer, can't recall its name , there was free subscription till December,25 for students of IIT Bhubaneswar . Only it's HR round was appropriate for me as my interest is in core and it had questions for software engineer or data scientist roles . It will be great, if any ai interviewer is able to ask questions from my core projects."
2026-07-04 13:43:00,Mechanical,M.Tech year 1,7.58,No,"Boston, tesla","Core Engineering, Quant trader",▾ 10 LPA and above,Linkedin,Millionaire,How to prepare,Trading company,Guided practice,Yes,Intermediate — I can hold a basic conversation but make mistakes.,Moderately confident,"Telugu, Hindi",Yes,1-3,After 6 months,Yes,Right away,Yes — Interested,Both,Don't know
2026-07-04 13:53:49,Electrical,M.Tech year 1,7.6,GE,"GE, Adani Power, Tata Power, NTPC, Hitachi, SEL",Core Engineering,▾ 10 LPA and above,,Taking Big Decision Correctly which is going to benefit a mass no' of people.,Less no' of Company will appear,Govt. Engg Job,"Mock interviews, improving communication in english",Yes,Intermediate — I can hold a basic conversation but make mistakes.,Moderately confident,Hindi,Yes,1-3,3–6 months from now,Yes,Right away,Yes — Interested,Laptop,have not used any
2026-07-04 13:54:41,Mechanical,UG 3,8.69,"Tata,Jindal,BPCL,HPCL","BPCL,HPCL",Core Engineering,▾ 10 LPA and above,friends and senior's,Working professional with decent salary,Talking in interviews and HR,Masters,Help me in teaching how to perform in interviews through some mock interviews,Yes,Intermediate — I can hold a basic conversation but make mistakes.,Moderately confident,"Telugu, Hindi",Yes,1-3,3–6 months from now,Yes,Right away,Yes — Interested,Both,none
2026-07-04 14:02:23,Mechanical,M.Tech year 1,7.43,"L&T, Infosys, Darr, Caterpillar, MSIL",Caterpillar,"Core Engineering, Not sure yet",▾ 10 LPA and above,,I am thinking senior Manager or above,"INTERVIEW, English, Comunication",I have no backup plan..,MOCK Technical as well as HR interview,Yes,Beginner — I struggle to speak in English. Basic words only.,Not comfortable yet,Hindi,Yes,More than 5,3–6 months from now,Yes,After 3 months,Yes — Interested,Both,I usually try CHAT GPT and gemini for conversation but it is not work properly what I give instructions what to ask and how to follow
2026-07-04 14:03:01,Electrical,UG 3,8.45,"I don't know much ....flipkart,ZS,zomato,google,zscaler,accenture",Idk,Software & IT,▾ 10 LPA and above,,Beautiful,Getting placed in the worse company,Further studies maybe,A better guidance on how actually the placements work in our college...,No,Intermediate — I can hold a basic conversation but make mistakes.,Moderately confident,"Telugu, Hindi",No,,3–6 months from now,Yes,Right away,Yes — Interested,Laptop,..
2026-07-04 14:03:24,Mechanical,M.Tech year 1,7.7,Mail,I am aiming for a core mechanical role in design and development,Core Engineering,▾ 10 LPA and above,mail,"In five years, I see myself as a skilled professional with strong expertise in my field, taking on greater responsibilities and contributing effectively to my organization. I also aim to keep learning, grow in my career, and support my team whenever needed",My biggest fear is not getting the right opportunity to showcase my skills in a core role.,"If I don’t get placed on campus, I will continue improving my core skills, work on projects, and apply for off-campus opportunities,and also trying for Higher study(PhD)","Mock interviews, technical guidance in core subjects, and feedback on my performance would help me gain more confidence going into an actual interview.",Yes,Intermediate — I can hold a basic conversation but make mistakes.,Not comfortable yet,"Odia, Hindi",Yes,1-3,3–6 months from now,Not sure yet,Right away,Yes — Interested,Both,I haven’t used any interview prep apps yet
2026-07-04 14:12:50,Other,PhD,8.8,None,Assistant Professor at a reputed Institute,Assistant Professor,▾ 10 LPA and above,LinkedIn,"Assistant Professor doing excel in academics & research, helping & guiding well the next generation students",Not getting updates about the vacancies from the placement cell & hence missing the opportunity to sit for interviews,Will find vacancies on my own,Practice with precision,Yes,"Advanced — Fluent in most situations, minor gaps.",Very confident,"Hindi, Urdu",No,Not Applicable,After 6 months,Yes,After 6 months,Yes — Interested,Laptop,NA
2026-07-04 14:14:11,Mechanical,UG 2,8.8,"BPCL, HPCL,TATA Motors, Maruti Suzuki,Infosys,LAT Aerospace","Aerospace, Defence",Core Engineering,▾ 10 LPA and above,,Building rockets and aircrafts,Get placed in a role which I don't like,I think I will get placed,Mock Interviews including questions related to my domain,Not sure yet,Intermediate — I can hold a basic conversation but make mistakes.,Moderately confident,Hindi,No,Not Applicable,After 6 months,Yes,After 6 months,Yes — Interested,Laptop,No
2026-07-04 14:30:45,Mechanical,UG Final Year,7.8,"Tata steel, BPCL, HPCL, BEL,",Core engineering,"Core Engineering, Consulting, Finance, Open to anything",▾ 5–10 LPA,"Linkedin , unstop","High paying , metro city",Rejection,Placed,Subject knowledge and interview skills,Yes,"Advanced — Fluent in most situations, minor gaps.",Very confident,Hindi,Yes,1-3,In less than 3 months,Yes,Right away,Yes — Interested,Laptop,NA
2026-07-04 15:00:05,Mechanical,M.Tech year 1,,DAAR,Air Bus,Core Engineering,▾ 5–10 LPA,,Taking more responsibility of Company,English,PSU,Mock interview,Yes,Intermediate — I can hold a basic conversation but make mistakes.,Moderately confident,"Hindi, Bengali",Yes,1-3,3–6 months from now,Yes,Right away,Yes — Interested,Both,Google meet
2026-07-04 15:28:26,Electrical,UG 2,8.42,"Mathworks , Google , Microsoft, meesho",MnC,Software & IT,▾ 10 LPA and above,Seniors and internet,Financially independent,Rejection,Off-campus or higher studies,Help in understanding my weakness,Not sure yet,Intermediate — I can hold a basic conversation but make mistakes.,Moderately confident,Hindi,No,Not Applicable,3–6 months from now,Yes,Right away,Yes — Interested,Laptop,Not used any till now
2026-07-04 15:30:53,Metallurgical and Materials,UG 2,8.9,"Reliance, Jindal steel",Haven’t decided yet,Core Engineering,▾ 10 LPA and above,,Freedom to implement my own ideas,Not getting placed,Try off campus,simulations of actual interviews so we are prepared of the environment,Not sure yet,"Advanced — Fluent in most situations, minor gaps.",Moderately confident,Telugu,Yes,1-3,Not sure yet,Yes,Right away,Yes — Interested,Laptop,Haven’t used any app
2026-07-04 16:09:40,Electronics and Communication,M.Tech year 1,8.47,"Not much updated, till now I know 3/17 got placed","Companies like Qualcomm, Texas Instrument,Synopsys for Analog Design Engineer",Core Engineering,▾ 10 LPA and above,LinkedIn,Staff Analog design Engineer,How to prepare,Will apply off Campus,Conducting mock interviews,Yes,Intermediate — I can hold a basic conversation but make mistakes.,Not comfortable yet,"Hindi, Bhojpuri",No,Not Applicable,3–6 months from now,Yes,Right away,Yes — Interested,Both,No experience
2026-07-04 16:23:44,Mechanical,UG 3,7.47,"TATA STEEL , Jindal , BHEL",My dream job would be in Lockheed Martin,Core Engineering,▾ 5–10 LPA,"I get information about jobs and careers from LinkedIn, company career pages, seniors and alumni, placement cell updates, and online platforms like Naukri , intershala","In five years, I see myself working in a core mechanical or aerospace role, contributing to real-world engineering problems while integrating machine learning and data-driven approaches. I aim to build strong technical expertise, work on impactful projects, and grow into a skilled engineer handling complex systems.","My biggest fear is not being able to perform to my full potential during interviews due to pressure or lack of real interview experience, despite having the required knowledge and skills.","If I do not get placed on campus, I will actively apply off-campus through LinkedIn and company portals, improve my technical and interview skills, and work on projects or internships to strengthen my profile. I am also open to pursuing higher studies if needed.","Mock interviews, guidance on commonly asked technical and HR questions, resume review, and feedback on my performance would significantly improve my confidence. Interaction with seniors or industry professionals would also be very helpful.",No,"Advanced — Fluent in most situations, minor gaps.",Very confident,"Odia, Hindi, English",No,,3–6 months from now,Not sure yet,After 3 months,Maybe - Not sure yet,Laptop,No
2026-07-04 16:55:27,Civil,M.Tech year 1,8.57,L and T TCE WSP,Wsp,Core Engineering,▾ 10 LPA and above,-,Senior manager,Interview,Off campus jobs,Clearly written exam and interview,Yes,Intermediate — I can hold a basic conversation but make mistakes.,Not comfortable yet,Telugu,No,Not Applicable,3–6 months from now,Not sure yet,After 3 months,Yes — Interested,Laptop,-
2026-07-04 17:13:31,Mechanical,UG 1,9.24,"The highest placement in Mechanical this year was 56 lpa by Eternal, other companies were BPCL, HPCL, Maruti Suzuki, etc. Highest core placement was of around 20 lpa",Not really sure,"Core Engineering, Software & IT, Not sure yet",▾ 10 LPA and above,"Internet, Professors, Seniors","Till now, I am not really sure on what I want to pursue 5 years down the line. I want to be in a respectable role with a decent work life balance. I want to build innovative things and solve real world problems and contribute to the society.","Not being able to answer in interviews, not being able to present myself and my thoughts clearly and confidently, and also ctc negotiation.",I would try for off-campus placements,"Communication skills, ideating and articulating ideas, understanding the person taking the interview.",Yes,Intermediate — I can hold a basic conversation but make mistakes.,Moderately confident,"Odia, Hindi",No,Not Applicable,Not sure yet,Yes,Not sure yet,Yes — Interested,Both,"I haven't, I am still in my 1st year"
2026-07-04 17:22:08,Mechanical,UG 2,9.07,"Microsoft , Meesho, Flipcart, zomato, Tata steel, HCL, BPCL",MnC,Software & IT,▾ 10 LPA and above,Seniors and internet,Financially independent,Rejection,Higher studies or family businesses,Understanding my weaknesses and strengths,Yes,Intermediate — I can hold a basic conversation but make mistakes.,Moderately confident,"Hindi, Bengali",Yes,1-3,3–6 months from now,Yes,Right away,Yes — Interested,Laptop,Not used any
2026-07-04 17:33:39,Civil,UG 2,6.05,"Google, zomato,l&t",FAANG,Software & IT,▾ 10 LPA and above,Social media like LinkedIn,Don't know,No fear,I will apply out of campus,F,Yes,Beginner — I struggle to speak in English. Basic words only.,Not comfortable yet,"Hindi,",No,Not Applicable,After 6 months,No,Right away,Yes — Interested,Laptop,No
2026-07-04 17:57:27,Mechanical,UG 2,9.49,I don't really know,"I aim for 35lpa. Maybe in one of Boeing, GE, Volvo",I want to combine core engineering with AI/ML,▾ 10 LPA and above,I don't have any info,"I'm assuming R&D as they are paid good, but not really sure",Getting less salary,gate maybe,type of questions asked if we came to know a pattern,Yes,Native / Near-native — Fully comfortable speaking English.,Very confident,"Telugu, Hindi",No,Not Applicable,After 6 months,Yes,After 3 months,Yes — Interested,Laptop,none
2026-07-04 18:02:59,Metallurgical and Materials,UG 3,7.6,Applied Materials,"Zomato, SDE","Core Engineering, Software & IT",▾ 10 LPA and above,"CDC, Company Careers, Linkedin, Naukri, Internshala","In five years, I see myself as a skilled Software Engineer working on scalable and impactful products at a top tech company like Zomato. I aim to have strong problem-solving and system design skills, contributing to real-world applications that impact millions of users. I also see myself taking ownership of projects, mentoring juniors, and continuously improving my technical and analytical abilities while growing into a leadership role.",Communication,Applying off campus,Communication,Yes,Intermediate — I can hold a basic conversation but make mistakes.,Very confident,Telugu,Yes,3-5,3–6 months from now,Yes,Right away,Yes — Interested,Laptop,Internshala AI Interview
2026-07-04 18:19:52,Electrical,PhD,8.0,Nothing,Not aiming for companies,"Core Engineering, Not sure yet",▾ 10 LPA and above,,Academics and Research,Having less knowledge,No decided yet,Mock interview,Yes,Beginner — I struggle to speak in English. Basic words only.,Not comfortable yet,"Odia, Hindi",Yes,1-3,Not sure yet,Not sure yet,Not sure yet,Maybe - Not sure yet,Mobile Phone,No
2026-07-04 18:23:05,Mechanical,M.Tech year 1,7.19,"L &T company,job role executive engineer",BMW,Core Engineering,▾ 10 LPA and above,,Senior engineer,Communication skills,P HD,Practice,Not sure yet,Beginner — I struggle to speak in English. Basic words only.,Very confident,Hindi,Yes,,3–6 months from now,Yes,Right away,Yes — Interested,Both,No
2026-07-04 18:39:16,Computer Science,UG 2,8.19,--,Any company where I am fit to and which can pay me good,"Core Engineering, Software & IT, Open to anything",▾ 10 LPA and above,"LinkedIn,online platforms",A successful career,Interviews,I will try for off campus and focus for upsc,More no. Of questions knowledge and speaking skills development,Yes,Intermediate — I can hold a basic conversation but make mistakes.,Moderately confident,"Odia, Telugu, Hindi",No,,3–6 months from now,Not sure yet,Right away,Yes — Interested,Laptop,No app
2026-07-04 19:02:27,Mechanical,M.Tech year 1,8.9,"L&T, Catpiller, appliedmaterial, maruti Suzuki, Infosys","Catpiller, Maruti Suzuki, Tata Motors, Bajaj",Core Engineering,▾ 10 LPA and above,Seniors,R&D Head,Communication,Off Campus,Improved My Skills,Yes,Intermediate — I can hold a basic conversation but make mistakes.,Not comfortable yet,Hindi,No,,In less than 3 months,Yes,Right away,Yes — Interested,Both,No
2026-07-04 19:15:17,Mechanical,UG 1,8.52,"BPCL, Tata, Zomato hired some senior recently for manufacturing from mechanical","L&T, Tata and my dream job is machine design engineer",Core Engineering,▾ 10 LPA and above,"Linkdin, CDC and maybe some seniors",A job which pays maybe 20 lpa minimum and job security meaning I rest easy that I won't be laid off,Not securing decent ctc or failing interviews,Cold emails or try to apply for higher studies,Solid base of technical knowledge,Yes,"Advanced — Fluent in most situations, minor gaps.",Very confident,"Telugu, Hindi, English",No,,Not sure yet,Not sure yet,Not sure yet,Maybe - Not sure yet,Laptop,NA
2026-07-04 19:18:55,Electrical,M.Tech year 1,8.14,"Applied materials, Schneider","Hitachi, Schneider, ABB",Core Engineering,▾ 10 LPA and above,Social media,An engineer with great skills,Technical rounds,Phd might be,More conceptual realistic questions,No,Intermediate — I can hold a basic conversation but make mistakes.,Moderately confident,"Telugu, Hindi",No,Not Applicable,3–6 months from now,Yes,Right away,Yes — Interested,Laptop,Geeksforgreeks
2026-07-04 19:26:44,Computer Science,UG 2,7.8,"Not much about companies. Google,zomato,oracle, Microsoft ...","Microsoft, software engineer.",Software & IT,▾ 10 LPA and above,LinkedIn,In a good position in a software company,Interview,Trying for other companies aside from campus,"Previous interview questions, some tips to behave with interviewer",Yes,Intermediate — I can hold a basic conversation but make mistakes.,Moderately confident,"Telugu, Hindi",No,Not Applicable,After 6 months,Not sure yet,After 3 months,Maybe - Not sure yet,Laptop,Not used till now
2026-07-04 19:26:44,Mechanical,M.Tech year 1,8.48,"I have a fair understanding of the placement scenario in my department. Core companies like L&T, Accenture, Tata Motors, dhar Ltd, Mahindra & Mahindra, and Bosch visit for roles such as Graduate Engineer Trainee (GET), Design Engineer, and Maintenance/Production Engineer.","I am aiming for core engineering companies such as Larsen & Toubro, Tata Motors, Skyroot aerospace, Inox india and Mahindra & Mahindra.",Core Engineering,▾ 10 LPA and above,"I primarily rely on the college placement cell for official updates. Additionally, I use platforms like LinkedIn and naukri.com.","In the next five years, I see myself working in a core engineering role where I have built strong fundamentals in design and analysis. I aim to gain hands-on experience, contribute to meaningful projects, and gradually take on higher responsibilities within the organization.","My biggest fear 3is not being able to perform at my full potential during interviews due to pressure. However, I am working on improving my confidence through regular practice and strengthening my core concepts.","If I do not get placed on campus, I will actively apply for off-campus opportunities in core engineering roles.","Mock interviews, technical interview practice, and guidance.",No,"Advanced — Fluent in most situations, minor gaps.",Moderately confident,"Hindi, English",Yes,1-3,3–6 months from now,Yes,Right away,Yes — Interested,Laptop,I don't have much idea about it.
2026-07-04 19:54:43,Electrical,UG 3,8.69,Mostly Non Core companies for the role of SDE and Development,Finance,"Core Engineering, Software & IT, Consulting, Finance",▾ 10 LPA and above,Friends,Senior Manager in a reputed firm for finance,Luck,Government Jobs Preparation,Mock Interviews involving actual skill test,Yes,"Advanced — Fluent in most situations, minor gaps.",Very confident,"Odia, Hindi, English",No,,3–6 months from now,Yes,Right away,Yes — Interested,Laptop,No Idea
2026-07-04 20:02:43,Electronics and Communication,UG 3,7.9,"For our seniors as much as I know nvidia,bell,icici have came for core.","Zs associates,data scientist associate",Software & IT,▾ 10 LPA and above,"From friends, linkedin",I don't have exact idea,My communication skills,May be mtech,Conducting Mock interviews,Yes,Intermediate — I can hold a basic conversation but make mistakes.,Moderately confident,"Telugu, Hindi",No,Not Applicable,3–6 months from now,Yes,Right away,Yes — Interested,Laptop,"I haven't used any app till now, i don't know"
2026-07-04 20:18:22,Mechanical,M.Tech year 1,8.0,"Till now in my senior batch around 60% of students got placed. Companies that offered job roles to MTech MSD are L&T, Infosys, Maruti Suzuki, DARR.","CAE/Simulation Engineer. Companies I'm aiming for are Siemens, Mercedes-Benz R&D, Mahindra and Mahindra, Eaton, Caterpillar, Cyient","Core Engineering, Software & IT",▾ 10 LPA and above,"Linkedin, CDC Website",I want to see myself as a skilled Simulation Engineer want to build technical expertise first and in the long term I would like to move into senior or management role.,My biggest fear is not getting placed.,Then I'll start applying off-campus .,"I would need guidance on technical interview prep, How to make chances for selection , How to sound confident and salary negotiation",Not sure yet,Intermediate — I can hold a basic conversation but make mistakes.,Moderately confident,Hindi,No,Not Applicable,After 6 months,Yes,Right away,Maybe - Not sure yet,Laptop,Never tried.
2026-07-04 20:25:49,Computer Science,UG 1,8.8,Not much,"Google, Microsoft and other big companies.",Software & IT,▾ 10 LPA and above,From seniors and AI tools,Sitting in a great MNC and aiming some bigger,Whether what would the interviewer ask.,Going for IIM'S,Getting onhand experience with some interviewer or seniors experiemces,Yes,Intermediate — I can hold a basic conversation but make mistakes.,Moderately confident,Hindi,No,Not Applicable,Not sure yet,Yes,Right away,Yes — Interested,Laptop,No
2026-07-04 20:45:47,Mechanical,UG 3,8.34,"I have a decent knowledge. As I am preparing for non core placements I heard that ZS, Zomato, Tredence, Tiger analytics and few more would suitable for my role",Aiming for a Data or AI related roles at Zomato,Software & IT,▾ 10 LPA and above,Through seniors and mails by CDC,Having a great experience in deploying ML models and solving real world problems and going international for furthur studies or job,Not getting placed and less package,Try off campus placements or maybe get into core companies through referrals,Letting me know how the actual process works and making sure that more good companies come to college,Yes,Intermediate — I can hold a basic conversation but make mistakes.,Moderately confident,Telugu,No,,3–6 months from now,Yes,Right away,Yes — Interested,Laptop,Nothing
2026-07-04 20:47:59,Mechanical,UG Final Year,7.87,"Applied Materials , Caterpillar , Zomato,etc","zomato,Aria matrix,ZS Associate","Core Engineering, Software & IT",▾ 10 LPA and above,"Platforms like Youtube,Intershala,Job hunting etc",Senoir AI Enginner,I didnt get placed.,Most probably Offcampus placements through different platforms,Mock interviews.,Yes,"Advanced — Fluent in most situations, minor gaps.",Moderately confident,"Hindi, Marathi",No,,3–6 months from now,Yes,Right away,Yes — Interested,Laptop,i havent.
2026-07-04 22:03:36,Mechanical,UG 2,7.52,TATA,TATA,Core Engineering,▾ 10 LPA and above,Linkedin,Design engineer,My less cgpa,Trying for off campus,Removing cgpa criteria,Yes,"Advanced — Fluent in most situations, minor gaps.",Very confident,"Telugu, Hindi",No,Not Applicable,After 6 months,Yes,Right away,Maybe - Not sure yet,Both,No experience
2026-08-04 01:26:23,Civil,M.Tech year 1,9.86,"GMDC, WSP , L&T, AECOM, NHAI, TCE (Job role as management trainee)",GMDC ( EIA OFFICER),Core Engineering,▾ 5–10 LPA,,Some manager or general manager kind of post,English language,Government job,Technical knowledge,Yes,Intermediate — I can hold a basic conversation but make mistakes.,Moderately confident,"Hindi, Bengali",Yes,1-3,3–6 months from now,No,Right away,Yes — Interested,Laptop,I not uses any app till now.
